id,name,lastname,address,email,dni,age,created_date,number_phone
1,Carolyne,Milkin,11 Mitchell Pass,cmilkin0@wikia.com,537,78,Sat Mar 31 2018 00:00:00 GMT-0500 (Colombia Standard Time),313-342-8578
2,Bancroft,Shouler,5 Gerald Alley,bshouler1@addthis.com,373,18,Mon Aug 15 2005 00:00:00 GMT-0500 (Colombia Standard Time),667-687-3596
3,Sky,Titmus,36470 Sachs Point,stitmus2@skyrock.com,672,29,Thu Dec 27 2012 00:00:00 GMT-0500 (Colombia Standard Time),429-926-3035
4,Marrissa,Steely,42375 Grover Parkway,msteely3@oracle.com,505,36,Tue Nov 12 2002 00:00:00 GMT-0500 (Colombia Standard Time),537-562-4099
5,Bevon,Lortz,7 Welch Park,blortz4@tinypic.com,153,24,Fri Aug 01 2008 00:00:00 GMT-0500 (Colombia Standard Time),254-514-9797
6,Moreen,Cleynman,101 Charing Cross Junction,mcleynman5@etsy.com,680,22,Sun Jan 30 2022 00:00:00 GMT-0500 (Colombia Standard Time),978-826-7826
7,Cori,Lagen,01 Mariners Cove Court,clagen6@ask.com,577,37,Tue Dec 05 2023 00:00:00 GMT-0500 (Colombia Standard Time),740-748-1969
8,Dukie,Jeannel,7102 Hoffman Place,djeannel7@mail.ru,857,57,Tue Mar 12 2013 00:00:00 GMT-0500 (Colombia Standard Time),780-399-5512
9,Brigham,Rennox,66306 Sunfield Street,brennox8@intel.com,253,57,Sun Jan 03 2010 00:00:00 GMT-0500 (Colombia Standard Time),531-594-1168
10,Mirilla,Palphreyman,8 Stoughton Place,mpalphreyman9@example.com,466,75,Tue Sep 24 2024 00:00:00 GMT-0500 (Colombia Standard Time),806-661-2258
11,Tannie,Watchorn,8527 East Hill,twatchorna@bigcartel.com,414,68,Sun Nov 15 2009 00:00:00 GMT-0500 (Colombia Standard Time),279-832-3791
12,Missy,Behnecken,02466 Troy Alley,mbehneckenb@symantec.com,636,59,Wed Jun 09 2010 00:00:00 GMT-0500 (Colombia Standard Time),322-868-1792
13,Arvie,Aucutt,41842 Kropf Court,aaucuttc@storify.com,493,60,Sun May 28 2017 00:00:00 GMT-0500 (Colombia Standard Time),467-139-5444
14,Rollins,Cyson,37739 Northview Junction,rcysond@goo.ne.jp,760,56,Tue Dec 18 2018 00:00:00 GMT-0500 (Colombia Standard Time),913-815-1655
15,Inger,De Witt,4231 Dawn Street,idewitte@merriam-webster.com,249,75,Wed Feb 25 2015 00:00:00 GMT-0500 (Colombia Standard Time),466-501-1498
16,Carolynn,Circuitt,7 Caliangt Avenue,ccircuittf@constantcontact.com,555,29,Thu Jul 29 2004 00:00:00 GMT-0500 (Colombia Standard Time),749-825-1825
17,Cybil,Haldane,8046 Milwaukee Lane,chaldaneg@nydailynews.com,689,71,Tue Jul 16 2013 00:00:00 GMT-0500 (Colombia Standard Time),619-514-0895
18,Alonso,Lea,81920 Kipling Avenue,aleah@1und1.de,888,25,Thu Jan 12 2006 00:00:00 GMT-0500 (Colombia Standard Time),838-724-4572
19,Vanya,Varley,4 Truax Junction,vvarleyi@google.de,349,78,Fri Jul 04 2008 00:00:00 GMT-0500 (Colombia Standard Time),869-481-0462
20,Xavier,Tallquist,90 Eastwood Point,xtallquistj@amazon.co.jp,393,24,Tue Apr 16 2024 00:00:00 GMT-0500 (Colombia Standard Time),971-547-3164